{"Recall@k": 0.5612244897959183, "MRR": 0.5948250728862974, "Avg Context-GT Sim": 0.7944092929327524, "Avg Answer-GT Sim": 0.7496613243003292, "Avg Answer-Context Sim": 0.858734216109723, "Hallucination Rate": 0.01020408163265306}